{
  "0": {
    "Jaccard Edge Similarity": [
      0.5,
      1.0,
      0.0,
      1.0,
      1.0,
      0.0,
      0.0,
      1.0,
      1.0,
      0.0,
      1.0,
      0.5
    ],
    "Jaccard Node Similarity": [
      0.5,
      0.5,
      1.0,
      0.0,
      0.0,
      0.0,
      1.0,
      0.0
    ],
    "Triplet Match Accuracy": 0.41666666666666663,
    "Node Accuracy": 0.5,
    "Edge Accuracy": 0.3333333333333333
  },
  "1": {
    "Jaccard Edge Similarity": [
      0.5,
      1.0,
      0.0,
      1.0,
      1.0,
      0.0,
      0.0,
      1.0,
      1.0,
      0.0,
      1.0,
      0.5
    ],
    "Jaccard Node Similarity": [
      0.5,
      0.5,
      1.0,
      0.0,
      0.0,
      0.0,
      1.0,
      0.0
    ],
    "Triplet Match Accuracy": 0.41666666666666663,
    "Node Accuracy": 0.5,
    "Edge Accuracy": 0.3333333333333333
  },
  "2": {
    "Jaccard Edge Similarity": [
      0.5,
      1.0,
      0.0,
      1.0,
      1.0,
      0.0,
      0.0,
      0.0,
      0.0,
      0.0,
      1.0,
      0.5
    ],
    "Jaccard Node Similarity": [
      0.5,
      0.5,
      1.0,
      0.0,
      0.0,
      0.0,
      1.0,
      0.0
    ],
    "Triplet Match Accuracy": 0.375,
    "Node Accuracy": 0.5,
    "Edge Accuracy": 0.25
  },
  "3": {
    "Jaccard Edge Similarity": [
      0.5,
      0.5,
      0.5,
      0.5
    ],
    "Jaccard Node Similarity": [
      0.5,
      1.0,
      0.0,
      1.0,
      0.5
    ],
    "Triplet Match Accuracy": 0.65,
    "Node Accuracy": 0.8,
    "Edge Accuracy": 0.5
  },
  "4": {
    "Jaccard Edge Similarity": [
      0.5,
      0.5,
      0.5,
      1.0,
      0.0
    ],
    "Jaccard Node Similarity": [
      0.5,
      1.0,
      1.0,
      1.0
    ],
    "Triplet Match Accuracy": 0.475,
    "Node Accuracy": 0.75,
    "Edge Accuracy": 0.2
  },
  "5": {
    "Jaccard Edge Similarity": [
      0.5,
      1.0,
      0.0,
      1.0,
      0.0,
      0.0,
      0.0,
      1.0,
      0.0,
      1.0,
      0.5
    ],
    "Jaccard Node Similarity": [
      0.5,
      0.5,
      1.0,
      0.0,
      0.0,
      0.0,
      0.5,
      0.5
    ],
    "Triplet Match Accuracy": 0.38636363636363635,
    "Node Accuracy": 0.5,
    "Edge Accuracy": 0.2727272727272727
  },
  "6": {
    "Jaccard Edge Similarity": [
      0.5,
      0.5,
      0.5,
      1.0,
      0.0
    ],
    "Jaccard Node Similarity": [
      0.5,
      1.0,
      1.0,
      1.0
    ],
    "Triplet Match Accuracy": 0.475,
    "Node Accuracy": 0.75,
    "Edge Accuracy": 0.2
  },
  "7": {
    "Jaccard Edge Similarity": [
      0.5,
      0.5,
      0.5,
      0.0,
      1.0
    ],
    "Jaccard Node Similarity": [
      0.5,
      1.0,
      1.0,
      1.0
    ],
    "Triplet Match Accuracy": 0.8,
    "Node Accuracy": 1.0,
    "Edge Accuracy": 0.6
  },
  "8": {
    "Jaccard Edge Similarity": [
      0.5,
      0.0,
      0.3333333333333333,
      1.0,
      1.0,
      0.0,
      0.5,
      1.0,
      0.0,
      1.0,
      0.5
    ],
    "Jaccard Node Similarity": [
      0.3333333333333333,
      0.25,
      0.0,
      0.3333333333333333,
      0.3333333333333333,
      0.0,
      0.5,
      0.5
    ],
    "Triplet Match Accuracy": 0.34090909090909094,
    "Node Accuracy": 0.5,
    "Edge Accuracy": 0.18181818181818182
  },
  "9": {
    "Jaccard Edge Similarity": [
      0.5,
      0.0,
      0.5,
      1.0,
      0.5,
      1.0,
      1.0,
      0.5
    ],
    "Jaccard Node Similarity": [
      0.5,
      0.5,
      0.0,
      1.0,
      0.5,
      1.0,
      1.0
    ],
    "Triplet Match Accuracy": 0.6071428571428572,
    "Node Accuracy": 0.7142857142857143,
    "Edge Accuracy": 0.5
  },
  "10": {
    "Jaccard Edge Similarity": [
      0.5
    ],
    "Jaccard Node Similarity": [
      0.5
    ],
    "Triplet Match Accuracy": 0.0,
    "Node Accuracy": 0.0,
    "Edge Accuracy": 0.0
  },
  "11": {
    "Jaccard Edge Similarity": [
      0.5
    ],
    "Jaccard Node Similarity": [
      0.5
    ],
    "Triplet Match Accuracy": 0.0,
    "Node Accuracy": 0.0,
    "Edge Accuracy": 0.0
  },
  "12": {
    "Jaccard Edge Similarity": [
      0.5,
      0.5,
      0.5,
      0.5
    ],
    "Jaccard Node Similarity": [
      0.5,
      1.0,
      1.0,
      1.0,
      0.5
    ],
    "Triplet Match Accuracy": 0.325,
    "Node Accuracy": 0.4,
    "Edge Accuracy": 0.25
  },
  "13": {
    "Jaccard Edge Similarity": [
      0.5,
      0.5,
      0.5,
      0.5
    ],
    "Jaccard Node Similarity": [
      0.5,
      1.0,
      1.0,
      1.0,
      0.5
    ],
    "Triplet Match Accuracy": 1.0,
    "Node Accuracy": 1.0,
    "Edge Accuracy": 1.0
  }
}